Keyword,Cluster,Sous-Cluster,Intent,Volume,Trend,KD,CPC_EUR,Updated,Priorite_SEO
pompe a chaleur,Pompe à chaleur,Générique,Informational/Transactional,60500,stable,39,1.94,2 weeks,Tier 1 - Pilier
pac,Pompe à chaleur,Générique,Informational,33100,stable,55,0.60,2 weeks,Tier 1 - Pilier
pompe à chaleur,Pompe à chaleur,Générique,Informational,18100,stable,49,1.59,2 weeks,Tier 1 - Pilier
pompe à chaleur air eau,Pompe à chaleur,Air-Eau,Commercial,6600,stable,38,1.67,2 weeks,Tier 1 - Pilier
pac air air,Pompe à chaleur,Air-Air,Informational/Commercial,4400,stable,35,1.25,2 weeks,Tier 1 - Pilier
pac air eau,Pompe à chaleur,Air-Eau,Commercial,4400,stable,34,1.71,2 weeks,Tier 1 - Pilier
pompe à chaleur air air,Pompe à chaleur,Air-Air,Commercial,4400,stable,31,1.24,2 weeks,Tier 1 - Pilier
prix pompe à chaleur,Pompe à chaleur,Prix,Commercial,3600,stable,34,1.16,2 weeks,Tier 1 - Conversion
chaudière biomasse,Chaudière,Biomasse,Informational/Transactional,2900,stable,19,0.49,2 weeks,Tier 1 - Quick win
chaudière gaz condensation,Chaudière,Condensation,Commercial,1600,stable,32,0.92,1 month,Tier 1 - Pilier
pac réversible,Pompe à chaleur,Réversible,Informational,1300,stable,17,1.20,1 month,Tier 1 - Quick win
remplacement chaudière gaz,Chaudière,Remplacement,Informational/Commercial,1000,stable,22,1.96,1 month,Tier 1 - Conversion
chaudière condensation,Chaudière,Condensation,Commercial,880,stable,30,1.13,1 month,Tier 2
pac eau eau,Pompe à chaleur,Eau-Eau,Commercial,720,stable,21,0.88,1 month,Tier 2
pompe à chaleur eau eau,Pompe à chaleur,Eau-Eau,Commercial,720,stable,18,0.84,1 month,Tier 2 - Quick win
pac géothermique,Pompe à chaleur,Géothermie,Commercial,590,stable,23,0.87,1 month,Tier 2
dimensionnement pompe à chaleur,Pompe à chaleur,Technique,Informational,480,stable,19,0.64,1 month,Tier 2 - Quick win
pompe à chaleur haute température,Pompe à chaleur,Haute Température,Informational,480,stable,12,1.03,1 month,Tier 2 - Quick win
cop pompe à chaleur,Pompe à chaleur,Technique,Informational,390,stable,33,0.25,1 month,Tier 2
pac haute température,Pompe à chaleur,Haute Température,Informational/Commercial,390,stable,17,0.98,1 month,Tier 2 - Quick win
cee pompe à chaleur,CEE & Aides,PAC,Commercial,260,stable,20,2.86,2 weeks,Tier 2 - High CPC
scop pac,Pompe à chaleur,Technique,Informational,210,stable,25,0.20,4 weeks,Tier 3
bat-th-142,CEE & Aides,Fiches CEE,Informational,170,stable,11,0.00,1 month,Tier 3 - Niche B2B
pompe à chaleur copropriété,Pompe à chaleur,Copropriété,Informational,170,stable,11,1.53,1 month,Tier 3 - B2B
pompe à chaleur industrielle,Pompe à chaleur,Industrielle,Informational,170,stable,30,1.59,1 month,Tier 3 - B2B
prix installation pac,Pompe à chaleur,Prix,Commercial,170,stable,28,1.67,2 weeks,Tier 3 - Conversion
bat-th-113,CEE & Aides,Fiches CEE,Informational,140,stable,15,0.00,1 month,Tier 3 - Niche B2B
chaudière biomasse industrielle,Chaudière,Biomasse,Informational,140,stable,7,0.79,1 month,Tier 3 - Quick win
pac industrielle,Pompe à chaleur,Industrielle,Informational/Commercial,140,stable,8,1.59,1 month,Tier 3 - Quick win
pompe à chaleur entreprise,Pompe à chaleur,B2B,Commercial,110,stable,16,3.56,1 month,Tier 3 - High CPC
prime cee pompe à chaleur,CEE & Aides,PAC,Informational,110,stable,23,2.65,1 month,Tier 3 - High CPC
bar-th-159,CEE & Aides,Fiches CEE,Informational,70,stable,13,1.59,4 weeks,Tier 3 - Niche
grossiste pompe à chaleur,Pompe à chaleur,B2B,Commercial,70,stable,11,0.00,2 weeks,Tier 3
pac haute temperature,Pompe à chaleur,Haute Température,Commercial,70,stable,15,0.97,3 weeks,Tier 3
géothermie professionnelle,Pompe à chaleur,Géothermie,n/a,50,n/a,n/a,0.00,n/a,Tier 4
pompe à chaleur prix usine,Pompe à chaleur,Prix,n/a,40,n/a,n/a,1.27,n/a,Tier 4
fiche cee pompe à chaleur,CEE & Aides,Fiches CEE,n/a,30,n/a,n/a,1.35,n/a,Tier 4
installation chaudière condensation,Chaudière,Condensation,n/a,30,n/a,n/a,1.69,n/a,Tier 4
pac air air cee,CEE & Aides,PAC,n/a,30,n/a,n/a,1.30,n/a,Tier 4
pompe à chaleur haute température industrielle,Pompe à chaleur,Haute Température,n/a,30,n/a,n/a,2.18,n/a,Tier 4 - High CPC
cee chaudière condensation,CEE & Aides,Chaudière,n/a,20,n/a,n/a,2.31,n/a,Tier 4 - High CPC
chaudière condensation copropriété,Chaudière,Condensation,n/a,20,n/a,n/a,0.00,n/a,Tier 4
chaudière haut rendement,Chaudière,Condensation,n/a,20,n/a,n/a,0.58,n/a,Tier 4
climatisation pac air air,Climatisation,PAC Air-Air,n/a,20,n/a,n/a,1.23,n/a,Tier 4
pompe à chaleur tertiaire,Pompe à chaleur,Tertiaire,n/a,20,n/a,n/a,0.85,n/a,Tier 4 - B2B
prime cee chaudière condensation,CEE & Aides,Chaudière,n/a,20,n/a,n/a,1.25,n/a,Tier 4
pac réhausse chaleur fatale,Pompe à chaleur,Chaleur Fatale,n/a,10,n/a,n/a,0.00,n/a,Tier 5 - Niche
pac hôtel,Pompe à chaleur,Tertiaire,n/a,0,n/a,n/a,0.00,n/a,Tier 5 - Long tail
pac tertiaire,Pompe à chaleur,Tertiaire,n/a,0,n/a,n/a,1.37,n/a,Tier 5 - Long tail
pompe à chaleur air eau industrielle,Pompe à chaleur,Industrielle,n/a,0,n/a,n/a,0.00,n/a,Tier 5 - Long tail
pompe à chaleur gymnase,Pompe à chaleur,Tertiaire,n/a,0,n/a,n/a,0.00,n/a,Tier 5 - Long tail
pompe à chaleur géothermique industrielle,Pompe à chaleur,Géothermie,n/a,0,n/a,n/a,0.00,n/a,Tier 5 - Long tail
pompe à chaleur piscine municipale,Pompe à chaleur,Collectivités,n/a,0,n/a,n/a,0.00,n/a,Tier 5 - Long tail
pompe à chaleur professionnelle,Pompe à chaleur,B2B,n/a,0,n/a,n/a,0.00,n/a,Tier 5 - Long tail
climatisation,Climatisation,Générique,Commercial,27100,stable,49,1.09,2 weeks,Tier 1 - Pilier
isolation thermique,Isolation,Générique,Informational,9900,stable,37,0.61,2 weeks,Tier 1 - Pilier
robinet thermostatique,Régulation,Robinet,Informational/Commercial,9900,stable,25,0.20,2 weeks,Tier 1 - Quick win
climatisation réversible,Climatisation,Réversible,Commercial,3600,stable,28,1.01,2 weeks,Tier 1 - Pilier
réseau de chaleur,Réseau de Chaleur,Générique,Informational,1600,stable,41,0.72,1 month,Tier 1
free cooling,Free Cooling,Générique,Informational,1000,stable,26,1.68,3 weeks,Tier 2
chaufferie biomasse,Chaudière,Biomasse,Informational,880,stable,23,0.30,1 month,Tier 2 - Quick win
froid commercial,Froid,Commercial,Commercial,590,stable,10,1.52,1 month,Tier 2 - Quick win
réseau de chaleur urbain,Réseau de Chaleur,Urbain,Informational,590,stable,31,0.70,1 month,Tier 2
climatisation professionnelle,Climatisation,B2B,Commercial,390,stable,16,2.48,3 weeks,Tier 2 - High CPC
froid industriel,Froid,Industriel,Informational,390,stable,20,1.94,1 month,Tier 2
groupe froid industriel,Froid,Industriel,Informational,210,stable,12,1.77,1 month,Tier 2 - Quick win
rafraîchissement adiabatique,Climatisation,Adiabatique,Informational,210,stable,25,0.75,2 weeks,Tier 2
rooftop climatisation,Climatisation,Rooftop,Informational,210,stable,10,2.47,1 month,Tier 2 - Quick win - High CPC
free cooling data center,Free Cooling,Data Center,Informational,170,stable,16,2.11,4 weeks,Tier 2 - High CPC
prime cee climatisation,CEE & Aides,Climatisation,Commercial,170,stable,17,1.52,3 weeks,Tier 2
prime cee isolation,CEE & Aides,Isolation,Commercial,140,stable,18,2.35,1 month,Tier 2 - High CPC
régulation chauffage,Régulation,Générique,Informational,140,stable,11,0.58,1 month,Tier 2 - Quick win
climatisation tertiaire,Climatisation,Tertiaire,Informational/Commercial,110,stable,9,1.36,3 weeks,Tier 3 - Quick win
système vrv,Climatisation,VRV/DRV,Informational,90,stable,30,0.00,1 month,Tier 3
cee isolation toiture,CEE & Aides,Isolation,Commercial,70,stable,19,1.65,2 weeks,Tier 3
climatisation bureaux,Climatisation,Tertiaire,Informational,70,stable,12,1.07,1 month,Tier 3 - Quick win
installation frigorifique industrielle,Froid,Industriel,Informational/Transactional,70,stable,6,0.00,1 month,Tier 3 - Quick win
système drv,Climatisation,VRV/DRV,Informational,70,stable,10,0.00,2 weeks,Tier 3 - Quick win
installation climatisation professionnelle,Climatisation,B2B,n/a,50,n/a,n/a,3.21,n/a,Tier 4 - High CPC
isolation thermique industrielle,Isolation,Industrielle,Commercial,50,stable,9,0.91,1 month,Tier 4 - Quick win
sous-station réseau de chaleur,Réseau de Chaleur,Sous-station,n/a,50,n/a,n/a,0.00,n/a,Tier 4
installation chaudière biomasse,Chaudière,Biomasse,n/a,40,n/a,n/a,0.00,n/a,Tier 4
raccordement réseau de chaleur,Réseau de Chaleur,Raccordement,n/a,40,n/a,n/a,0.00,n/a,Tier 4
climatisation commerce,Climatisation,Commerce,n/a,30,n/a,n/a,0.00,n/a,Tier 4
free cooling industriel,Free Cooling,Industriel,n/a,30,n/a,n/a,0.00,n/a,Tier 4
groupe froid co2,Froid,CO2,n/a,30,n/a,n/a,0.00,n/a,Tier 4
isolation collectivité,Isolation,Collectivité,n/a,30,n/a,n/a,0.00,n/a,Tier 4
isolation thermique copropriété,Isolation,Copropriété,n/a,30,n/a,n/a,0.00,n/a,Tier 4
loi de chauffe,Régulation,Loi de chauffe,n/a,30,n/a,n/a,0.00,n/a,Tier 4
régulation chauffage collectif,Régulation,Collectif,n/a,30,n/a,n/a,0.00,n/a,Tier 4
aide isolation entreprise,CEE & Aides,Isolation,n/a,20,n/a,n/a,0.94,n/a,Tier 4
centrale frigorifique co2,Froid,CO2,n/a,20,n/a,n/a,0.00,n/a,Tier 4
chambre froide co2,Froid,CO2,n/a,20,n/a,n/a,0.00,n/a,Tier 4
chaudière plaquettes forestières,Chaudière,Biomasse,n/a,20,n/a,n/a,0.23,n/a,Tier 4 - Niche
fluide frigorigène co2,Froid,CO2,n/a,20,n/a,n/a,0.00,n/a,Tier 4
installation frigorifique co2,Froid,CO2,n/a,20,n/a,n/a,0.00,n/a,Tier 4
maintenance groupe froid,Froid,Maintenance,n/a,20,n/a,n/a,2.08,n/a,Tier 4 - High CPC
optimisation chauffage,Régulation,Optimisation,n/a,20,n/a,n/a,0.87,n/a,Tier 4
prime cee chaudière biomasse,CEE & Aides,Chaudière,n/a,20,n/a,n/a,0.00,n/a,Tier 4
refroidissement naturel,Free Cooling,Générique,n/a,20,n/a,n/a,0.00,n/a,Tier 4
res-ch-104,CEE & Aides,Fiches CEE,n/a,20,n/a,n/a,0.00,n/a,Tier 4 - Niche B2B
isolation entrepôt,Isolation,Industrielle,n/a,0,n/a,n/a,0.00,n/a,Tier 5 - Long tail
isolation usine,Isolation,Industrielle,n/a,0,n/a,n/a,0.00,n/a,Tier 5 - Long tail
vmc double flux,VMC,Générique,Informational/Commercial,27100,stable,27,0.26,3 weeks,Tier 1 - Pilier
calorifugeage,Calorifugeage,Générique,Informational,3600,stable,28,0.45,2 weeks,Tier 1
ventilation mécanique contrôlée,VMC,Générique,Informational,1900,stable,32,0.22,1 month,Tier 1
calorifugeage tuyauterie,Calorifugeage,Tuyauterie,Informational,1000,stable,34,0.41,1 month,Tier 2
destratificateur,Destratificateur,Générique,Commercial,3600,stable,15,0.72,2 weeks,Tier 1 - Quick win
ventilation industrielle,Ventilation,Industrielle,Commercial,480,stable,24,1.65,3 weeks,Tier 2
vmc double flux haut rendement,VMC,Haut rendement,Commercial,480,stable,10,0.55,1 month,Tier 2 - Quick win
entretien vmc double flux,VMC,Maintenance,Informational,320,stable,19,0.46,2 weeks,Tier 2
matelas isolant,Isolation,Matelas,Commercial,260,stable,15,0.60,1 month,Tier 2 - Quick win
calorifugeage industriel,Calorifugeage,Industriel,Commercial,170,stable,22,1.21,1 month,Tier 3
bat-en-102,CEE & Aides,Fiches CEE,Informational,140,stable,15,0.00,3 weeks,Tier 3 - Niche
ind-ba-110,CEE & Aides,Fiches CEE,Informational,140,stable,13,1.20,1 month,Tier 3 - Niche
isolation tuyauterie,Calorifugeage,Tuyauterie,Informational,140,stable,23,0.27,1 month,Tier 3
bat-en-101,CEE & Aides,Fiches CEE,Informational,70,stable,18,4.20,1 month,Tier 3 - High CPC
bat-en-103,CEE & Aides,Fiches CEE,Informational,70,stable,9,0.00,4 weeks,Tier 3 - Quick win
cee vmc,CEE & Aides,VMC,Commercial,50,stable,15,1.43,1 month,Tier 3
centrale traitement air,Ventilation,CTA,Informational,50,stable,12,2.17,2 weeks,Tier 3 - High CPC
échangeur vmc double flux,VMC,Technique,Informational,50,stable,7,0.31,4 weeks,Tier 3 - Quick win
vmc double flux industrielle,VMC,Industrielle,n/a,50,n/a,n/a,0.71,n/a,Tier 4
bat-th-125,CEE & Aides,Fiches CEE,n/a,40,n/a,n/a,0.00,n/a,Tier 4 - Niche
calorifugeage copropriété,Calorifugeage,Copropriété,n/a,40,n/a,n/a,0.00,n/a,Tier 4
résistance thermique isolation,Isolation,Technique,n/a,40,n/a,n/a,0.29,n/a,Tier 4
vmc double flux tertiaire,VMC,Tertiaire,n/a,40,n/a,n/a,0.64,n/a,Tier 4
isolation bâtiment industriel,Isolation,Industrielle,n/a,30,n/a,n/a,1.77,n/a,Tier 4 - High CPC
isolation points singuliers,Isolation,Points singuliers,n/a,30,n/a,n/a,0.00,n/a,Tier 4
matelas isolant vanne,Isolation,Matelas,n/a,30,n/a,n/a,0.00,n/a,Tier 4
ventilation usine,Ventilation,Industrielle,n/a,30,n/a,n/a,0.00,n/a,Tier 4
calorifugeage prix,Calorifugeage,Prix,n/a,20,n/a,n/a,0.00,n/a,Tier 4
calorifugeage tertiaire,Calorifugeage,Tertiaire,n/a,20,n/a,n/a,0.00,n/a,Tier 4
matelas isolant industriel,Isolation,Matelas,n/a,20,n/a,n/a,0.00,n/a,Tier 4
obligation calorifugeage,Calorifugeage,Réglementation,n/a,20,n/a,n/a,0.00,n/a,Tier 4
performance isolation thermique,Isolation,Technique,n/a,20,n/a,n/a,0.24,n/a,Tier 4
prime cee calorifugeage,CEE & Aides,Calorifugeage,n/a,20,n/a,n/a,0.75,n/a,Tier 4
prime cee vmc double flux,CEE & Aides,VMC,n/a,20,n/a,n/a,1.31,n/a,Tier 4
rendement vmc double flux,VMC,Technique,n/a,20,n/a,n/a,0.00,n/a,Tier 4
aide calorifugeage,CEE & Aides,Calorifugeage,n/a,0,n/a,n/a,0.00,n/a,Tier 5
calorifugeage point singulier,Calorifugeage,Points singuliers,n/a,0,n/a,n/a,0.00,n/a,Tier 5
calorifugeage réseau,Calorifugeage,Réseau,n/a,0,n/a,n/a,0.00,n/a,Tier 5
calorifugeage vapeur,Calorifugeage,Vapeur,n/a,0,n/a,n/a,0.00,n/a,Tier 5
déshumidificateur,Déshumidification,Générique,Commercial,27100,stable,44,0.32,2 weeks,Tier 1 - Pilier
gtb,GTB/GTC,Générique,Informational,5400,stable,33,0.90,3 weeks,Tier 1 - Pilier
gtc,GTB/GTC,Générique,Informational,4400,stable,23,1.14,2 weeks,Tier 1 - Pilier
air comprimé,Air Comprimé,Générique,Commercial,2400,stable,19,0.54,2 weeks,Tier 1
variateur de vitesse,Variateur,Générique,Informational,2400,stable,14,0.28,2 weeks,Tier 1 - Quick win
compresseur air,Air Comprimé,Compresseur,Informational,1600,stable,18,0.30,1 month,Tier 1 - Quick win
variateur de fréquence,Variateur,Générique,Commercial,1600,stable,13,0.43,1 month,Tier 1 - Quick win
déshumidificateur professionnel,Déshumidification,B2B,Commercial,1300,stable,15,0.84,3 weeks,Tier 1 - Quick win
gtb gtc,GTB/GTC,Différenciation,Informational,880,stable,38,0.72,1 month,Tier 2
déshumidificateur industriel,Déshumidification,Industriel,Commercial,320,stable,13,0.90,1 month,Tier 2 - Quick win
vev,Variateur,Générique,Navigational,320,stable,28,0.00,1 month,Tier 2
déshumidificateur piscine,Déshumidification,Piscine,Informational,260,stable,12,1.34,2 weeks,Tier 2 - Quick win
vanne équilibrage,Hydraulique,Équilibrage,Informational,210,stable,12,0.00,1 month,Tier 2 - Quick win
réseau air comprimé,Air Comprimé,Réseau,Informational,170,stable,8,0.59,3 weeks,Tier 3 - Quick win
variateurs de vitesse,Variateur,Générique,Informational,170,stable,22,0.28,4 weeks,Tier 3
air comprimé industriel,Air Comprimé,Industriel,Commercial,110,stable,12,1.67,1 month,Tier 3 - Quick win
ind-ut-102,CEE & Aides,Fiches CEE,Informational,110,stable,13,0.00,3 weeks,Tier 3 - Niche
moteur ie5,Moteur HE,IE5,Informational/Commercial,110,stable,9,1.18,1 month,Tier 3 - Quick win
sécheur air comprimé,Air Comprimé,Sécheur,Informational/Transactional,110,stable,8,0.54,1 month,Tier 3 - Quick win
moteur ie4,Moteur HE,IE4,Informational,90,stable,11,0.94,1 month,Tier 3 - Quick win
équilibrage hydraulique,Hydraulique,Équilibrage,Informational,70,stable,18,0.00,4 weeks,Tier 3
brasseur air industriel,Destratificateur,Industriel,n/a,40,n/a,n/a,1.02,n/a,Tier 4
compresseur à vitesse variable,Air Comprimé,Variable,n/a,40,n/a,n/a,1.96,n/a,Tier 4 - High CPC
ind-ut-103,CEE & Aides,Fiches CEE,n/a,40,n/a,n/a,0.00,n/a,Tier 4 - Niche
audit air comprimé,Air Comprimé,Audit,n/a,30,n/a,n/a,0.00,n/a,Tier 4
destratificateur tertiaire,Destratificateur,Tertiaire,n/a,30,n/a,n/a,1.09,n/a,Tier 4
équilibrage réseau chauffage,Hydraulique,Équilibrage,n/a,30,n/a,n/a,0.00,n/a,Tier 4
destratificateur air,Destratificateur,Générique,n/a,20,n/a,n/a,0.00,n/a,Tier 4
destratificateur prix,Destratificateur,Prix,n/a,20,n/a,n/a,0.56,n/a,Tier 4
déshumidificateur agricole,Déshumidification,Agricole,n/a,20,n/a,n/a,0.87,n/a,Tier 4
détection fuite air comprimé,Air Comprimé,Fuite,n/a,20,n/a,n/a,1.11,n/a,Tier 4
fuite air comprimé,Air Comprimé,Fuite,n/a,20,n/a,n/a,0.00,n/a,Tier 4
installation variateur de vitesse,Variateur,Installation,n/a,20,n/a,n/a,0.00,n/a,Tier 4
optimisation air comprimé,Air Comprimé,Optimisation,n/a,20,n/a,n/a,0.00,n/a,Tier 4
prime cee destratificateur,CEE & Aides,Destratificateur,n/a,20,n/a,n/a,0.93,n/a,Tier 4
prime cee variateur de vitesse,CEE & Aides,Variateur,n/a,20,n/a,n/a,0.00,n/a,Tier 4
prix déshumidificateur professionnel,Déshumidification,Prix,n/a,20,n/a,n/a,0.38,n/a,Tier 4
remplacement moteur électrique,Moteur HE,Remplacement,n/a,20,n/a,n/a,0.00,n/a,Tier 4
variateur de vitesse prix,Variateur,Prix,n/a,20,n/a,n/a,0.26,n/a,Tier 4
variateur vitesse pompe,Variateur,Pompe,n/a,20,n/a,n/a,0.00,n/a,Tier 4
variateur vitesse ventilateur,Variateur,Ventilateur,n/a,20,n/a,n/a,0.00,n/a,Tier 4
destratificateur atelier,Destratificateur,Atelier,n/a,10,n/a,n/a,0.00,n/a,Tier 5
destratificateur gymnase,Destratificateur,Gymnase,n/a,10,n/a,n/a,0.00,n/a,Tier 5
régulation hydraulique,Hydraulique,Régulation,n/a,10,n/a,n/a,0.00,n/a,Tier 5
cpe,CPE,Générique,Informational,14800,stable,34,0.47,2 weeks,Tier 1 - Pilier
audit énergétique,Audit Énergétique,Générique,Commercial,9900,stable,54,1.30,2 weeks,Tier 1 - Pilier
audit energetique,Audit Énergétique,Générique,Commercial,5400,stable,56,1.30,2 weeks,Tier 1 - Pilier
décret bacs,GTB/GTC,Décret BACS,Commercial,3600,stable,34,0.96,2 weeks,Tier 1 - Pilier
audit énergétique obligatoire,Audit Énergétique,Obligatoire,Commercial,2900,stable,40,0.49,2 weeks,Tier 1
audit énergétique copropriété,Audit Énergétique,Copropriété,Commercial,1000,stable,30,1.09,1 month,Tier 2
audit énergétique prix,Audit Énergétique,Prix,Informational,1000,stable,35,0.84,1 month,Tier 2
rénovation globale,Rénovation,Globale,Informational,1000,stable,50,2.54,1 month,Tier 2 - High CPC
audit énergétique 2025,Audit Énergétique,2025,Informational/Commercial,880,stable,15,0.67,1 month,Tier 2 - Quick win
audit énergétique réglementaire,Audit Énergétique,Réglementaire,Commercial,720,stable,34,1.21,1 month,Tier 2
audit énergétique entreprise,Audit Énergétique,Entreprise,Commercial,480,stable,29,2.83,1 month,Tier 2 - High CPC
cout audit énergétique,Audit Énergétique,Prix,Informational,480,stable,29,0.86,1 month,Tier 2
rénovation énergétique copropriété,Rénovation,Copropriété,Informational,480,stable,23,0.79,1 month,Tier 2
audit énergétique industriel,Audit Énergétique,Industriel,Commercial,390,stable,21,3.63,3 weeks,Tier 2 - High CPC
audit énergétique tertiaire,Audit Énergétique,Tertiaire,Informational,390,stable,21,2.46,1 month,Tier 2 - High CPC
bat-th-116,CEE & Aides,Fiches CEE,Informational,260,stable,21,0.00,3 weeks,Tier 2 - Niche
gestion technique centralisée,GTB/GTC,Générique,Informational,260,stable,18,0.78,1 month,Tier 2 - Quick win
obligation audit énergétique,Audit Énergétique,Obligation,Informational,260,stable,39,0.27,1 month,Tier 2
process industriel,Process,Générique,Informational,260,stable,15,0.00,1 month,Tier 2 - Quick win
cpe définition,CPE,Définition,Informational,210,stable,21,0.00,1 month,Tier 2
gtb classe a,GTB/GTC,Classes GTB,Informational,170,stable,15,0.59,3 weeks,Tier 3 - Quick win
installation gtb,GTB/GTC,Installation,Informational,170,stable,16,1.56,1 month,Tier 3
contrat performance énergétique,CPE,Générique,Informational,140,stable,31,1.06,1 month,Tier 3
monitoring énergétique,Monitoring,Générique,Informational,140,stable,9,1.48,1 month,Tier 3 - Quick win
récupération chaleur fatale,Chaleur Fatale,Récupération,Informational,140,stable,28,0.00,1 month,Tier 3
suivi énergétique,Monitoring,Générique,Informational,140,stable,20,1.11,1 month,Tier 3
bar-th-164,CEE & Aides,Fiches CEE,Informational,110,stable,11,2.13,1 month,Tier 3 - High CPC
décret bacs 2025,GTB/GTC,Décret BACS,Commercial,110,stable,18,0.96,1 month,Tier 3
gtb classe b,GTB/GTC,Classes GTB,Informational,110,stable,8,1.13,1 month,Tier 3 - Quick win
gtb classe c,GTB/GTC,Classes GTB,Informational,110,stable,15,1.10,3 weeks,Tier 3
ind-ut-117,CEE & Aides,Fiches CEE,Informational,110,stable,10,0.00,1 month,Tier 3 - Quick win
système gtb,GTB/GTC,Générique,Informational,110,stable,29,1.39,2 weeks,Tier 3
audit énergétique collectivité,Audit Énergétique,Collectivité,Informational,70,stable,19,0.00,1 month,Tier 3
audit énergétique grande entreprise,Audit Énergétique,Grande entreprise,Commercial,70,stable,29,2.15,1 month,Tier 3 - High CPC
bilan énergétique entreprise,Audit Énergétique,Bilan,Commercial,70,stable,31,2.61,1 month,Tier 3 - High CPC
chaleur fatale industrielle,Chaleur Fatale,Industrielle,Informational,70,stable,21,0.64,1 month,Tier 3
différence gtb gtc,GTB/GTC,Différenciation,Informational,70,stable,23,0.00,1 month,Tier 3
norme audit énergétique,Audit Énergétique,Norme,n/a,70,n/a,n/a,0.00,n/a,Tier 3
supervision énergétique,Monitoring,Supervision,Informational,70,stable,9,1.36,1 month,Tier 3 - Quick win
comptage énergie,Monitoring,Comptage,Informational,50,stable,7,0.76,1 month,Tier 3 - Quick win
gestion technique bâtiment,GTB/GTC,Générique,n/a,50,n/a,n/a,1.24,n/a,Tier 3
rénovation énergétique tertiaire,Rénovation,Tertiaire,Commercial,50,stable,20,1.67,1 month,Tier 3
sous-comptage,Monitoring,Comptage,n/a,50,n/a,n/a,0.39,n/a,Tier 3
suivi performance énergétique,Monitoring,Performance,n/a,50,n/a,n/a,0.00,n/a,Tier 3
valorisation chaleur fatale,Chaleur Fatale,Valorisation,Informational,50,stable,25,0.61,2 weeks,Tier 3
aide rénovation énergétique entreprise,Rénovation,Aides,n/a,40,n/a,n/a,1.13,n/a,Tier 4
gtb tertiaire,GTB/GTC,Tertiaire,n/a,40,n/a,n/a,1.59,n/a,Tier 4
récupération chaleur,Chaleur Fatale,Récupération,n/a,40,n/a,n/a,0.00,n/a,Tier 4
échangeur thermique industriel,Échangeur,Industriel,n/a,40,n/a,n/a,1.02,n/a,Tier 4
obligation gtb,GTB/GTC,Obligation,n/a,30,n/a,n/a,0.87,n/a,Tier 4
prix gtb,GTB/GTC,Prix,n/a,30,n/a,n/a,0.00,n/a,Tier 4
récupération chaleur eaux usées,Chaleur Fatale,Eaux usées,n/a,30,n/a,n/a,0.00,n/a,Tier 4
tableau de bord énergie,Monitoring,Dashboard,n/a,30,n/a,n/a,0.00,n/a,Tier 4
avantage cpe,CPE,Avantages,n/a,20,n/a,n/a,0.00,n/a,Tier 4
cpe prix,CPE,Prix,n/a,20,n/a,n/a,0.00,n/a,Tier 4
dpe professionnel,Audit Énergétique,DPE,n/a,20,n/a,n/a,1.69,n/a,Tier 4
décret tertiaire rénovation,Rénovation,Décret tertiaire,n/a,20,n/a,n/a,0.00,n/a,Tier 4
définition gtb,GTB/GTC,Définition,n/a,20,n/a,n/a,0.00,n/a,Tier 4
plan rénovation énergétique,Rénovation,Plan,n/a,20,n/a,n/a,0.00,n/a,Tier 4
prime cee gtb,CEE & Aides,GTB,n/a,20,n/a,n/a,0.00,n/a,Tier 4
prime cee rénovation globale,CEE & Aides,Rénovation,n/a,20,n/a,n/a,1.63,n/a,Tier 4
récupération chaleur groupe froid,Chaleur Fatale,Groupe froid,n/a,20,n/a,n/a,0.00,n/a,Tier 4
échangeur rotatif,Échangeur,Rotatif,n/a,20,n/a,n/a,0.00,n/a,Tier 4
cee,CEE & Aides,Générique,Commercial,27100,stable,75,1.70,2 weeks,Tier 1 - Pilier Hard
prime cee,CEE & Aides,Générique,Commercial,12100,stable,54,1.80,2 weeks,Tier 1 - Pilier
photovoltaique,Photovoltaïque,Générique,Commercial,9900,stable,63,3.45,2 weeks,Tier 1 - High CPC
photovoltaïque,Photovoltaïque,Générique,Commercial,8100,stable,62,3.45,2 weeks,Tier 1 - High CPC
osmose inverse,Process,Osmose inverse,Informational,4400,stable,20,0.43,2 weeks,Tier 1 - Quick win
aide cee,CEE & Aides,Aides,Informational,1600,stable,62,2.16,1 month,Tier 1 - High CPC
autoconsommation collective,Photovoltaïque,Autoconsommation,Informational,1600,stable,44,1.32,1 month,Tier 1
fiche cee,CEE & Aides,Fiches CEE,Informational,1600,stable,37,1.05,2 weeks,Tier 1
chauffage serre,Serre Agricole,Chauffage,Commercial,1000,stable,14,0.20,1 month,Tier 2 - Quick win
serre agricole,Serre Agricole,Générique,Informational,1000,stable,20,0.56,3 weeks,Tier 2
tank à lait,Agricole,Tank à lait,Informational,1000,stable,14,0.14,1 month,Tier 2 - Quick win
dispositif cee,CEE & Aides,Dispositif,Commercial,590,stable,41,1.25,3 weeks,Tier 2
ombrière photovoltaïque,Photovoltaïque,Ombrière,Informational,590,stable,30,1.36,1 month,Tier 2
dossier cee,CEE & Aides,Dossier,Commercial,320,stable,31,1.53,1 month,Tier 2
calcul prime cee,CEE & Aides,Calcul,Commercial,260,stable,29,1.72,2 weeks,Tier 2
certificat économie énergie,CEE & Aides,Générique,Commercial,260,stable,40,1.42,3 weeks,Tier 2
kwh cumac,CEE & Aides,Kwh cumac,Informational,260,stable,19,0.32,1 month,Tier 2 - Quick win
simulateur prime cee,CEE & Aides,Simulateur,Commercial,260,stable,27,2.24,3 weeks,Tier 2 - High CPC
prime cee entreprise,CEE & Aides,Entreprise,Commercial,210,stable,40,1.20,3 weeks,Tier 2
fiche cee tertiaire,CEE & Aides,Fiches CEE,Informational,140,stable,21,1.37,1 month,Tier 3
montant prime cee,CEE & Aides,Calcul,Informational,140,stable,41,1.41,3 weeks,Tier 3
panneaux solaires entreprise,Photovoltaïque,B2B,Commercial,140,stable,56,4.14,1 month,Tier 3 - High CPC
photovoltaïque entreprise,Photovoltaïque,B2B,Commercial,140,stable,42,2.65,1 month,Tier 3 - High CPC
photovoltaïque professionnel,Photovoltaïque,B2B,Commercial,140,stable,37,3.91,3 weeks,Tier 3 - High CPC
prix kwh cumac,CEE & Aides,Kwh cumac,Informational,140,stable,19,0.31,1 month,Tier 3 - Quick win
autoconsommation solaire entreprise,Photovoltaïque,Autoconsommation,Informational,110,stable,25,0.00,1 month,Tier 3
prime cee professionnel,CEE & Aides,Entreprise,Informational,110,stable,34,1.26,1 month,Tier 3
fiche cee industrie,CEE & Aides,Fiches CEE,Informational,90,stable,25,0.67,2 weeks,Tier 3
ventilation serre,Serre Agricole,Ventilation,Informational,90,stable,10,0.25,1 month,Tier 3 - Quick win
ind-ut-134,CEE & Aides,Fiches CEE,Informational,70,stable,18,0.00,3 weeks,Tier 3 - Niche
prime cee agriculture,CEE & Aides,Agriculture,Informational,70,stable,22,0.94,1 month,Tier 3
prime cee collectivité,CEE & Aides,Collectivité,n/a,70,n/a,n/a,3.13,n/a,Tier 3 - High CPC
prime cee tertiaire,CEE & Aides,Tertiaire,Informational,70,stable,19,1.64,1 month,Tier 3
fonctionnement cee,CEE & Aides,Fonctionnement,Informational/Transactional,50,stable,31,0.65,2 weeks,Tier 3
obligé cee,CEE & Aides,Obligés,Informational,50,stable,20,1.30,1 month,Tier 3
prime cee industrie,CEE & Aides,Industrie,Informational,50,stable,15,1.44,2 weeks,Tier 3 - Quick win
rentabilité photovoltaïque,Photovoltaïque,Rentabilité,n/a,50,n/a,n/a,1.65,n/a,Tier 3
kwhc,CEE & Aides,Kwh cumac,n/a,40,n/a,n/a,0.00,n/a,Tier 4
photovoltaïque tertiaire,Photovoltaïque,Tertiaire,n/a,40,n/a,n/a,0.00,n/a,Tier 4
séchage industriel,Process,Séchage,n/a,40,n/a,n/a,1.52,n/a,Tier 4
fiche cee agriculture,CEE & Aides,Fiches CEE,n/a,30,n/a,n/a,0.00,n/a,Tier 4
fiche opération standardisée,CEE & Aides,Fiches CEE,n/a,30,n/a,n/a,0.00,n/a,Tier 4
monter un dossier cee,CEE & Aides,Dossier,n/a,30,n/a,n/a,1.27,n/a,Tier 4
prix photovoltaïque entreprise,Photovoltaïque,Prix,n/a,30,n/a,n/a,0.00,n/a,Tier 4
calcul kwh cumac,CEE & Aides,Kwh cumac,n/a,20,n/a,n/a,0.00,n/a,Tier 4
cee 6ème période,CEE & Aides,6ème période,n/a,20,n/a,n/a,0.00,n/a,Tier 4
comment obtenir prime cee,CEE & Aides,Comment,n/a,20,n/a,n/a,1.42,n/a,Tier 4
photovoltaïque industriel,Photovoltaïque,Industriel,n/a,20,n/a,n/a,1.78,n/a,Tier 4 - High CPC
pré-refroidisseur lait,Agricole,Lait,n/a,20,n/a,n/a,0.00,n/a,Tier 4
qui sont les obligés cee,CEE & Aides,Obligés,n/a,20,n/a,n/a,0.00,n/a,Tier 4
écran thermique serre,Serre Agricole,Écran thermique,n/a,20,n/a,n/a,0.58,n/a,Tier 4
6e période cee,CEE & Aides,6ème période,n/a,10,n/a,n/a,0.00,n/a,Tier 5
certificats économies énergie,CEE & Aides,Générique,n/a,10,n/a,n/a,1.31,n/a,Tier 5
optimisation process industriel,Process,Optimisation,n/a,10,n/a,n/a,0.00,n/a,Tier 5
réglementation cee,CEE & Aides,Réglementation,n/a,10,n/a,n/a,0.73,n/a,Tier 5
edf pro,Courtage Énergie,Fournisseur,Navigational/Transactional,60500,stable,51,1.18,2 weeks,Tier 1 - Brand
engie pro,Courtage Énergie,Fournisseur,Navigational,60500,stable,40,1.32,2 weeks,Tier 1 - Brand
borne de recharge,IRVE,Générique,Commercial,22200,stable,41,1.06,3 weeks,Tier 1 - Pilier
irve,IRVE,Générique,Informational,6600,stable,37,1.13,2 weeks,Tier 1 - Pilier
borne recharge,IRVE,Générique,Commercial,2900,stable,33,1.11,2 weeks,Tier 1
turpe,Courtage Énergie,TURPE,Informational,2400,stable,37,0.90,2 weeks,Tier 1
eni pro,Courtage Énergie,Fournisseur,Transactional,1600,stable,15,4.15,1 month,Tier 1 - Brand High CPC
ticfe,Courtage Énergie,Taxes,Commercial,1300,stable,19,0.59,1 month,Tier 1 - Quick win
pce gaz,Courtage Énergie,Gaz,Informational,1000,stable,32,2.62,1 month,Tier 2 - High CPC
accise électricité,Courtage Énergie,Taxes,Informational,720,stable,27,0.75,1 month,Tier 2
borne de recharge entreprise,IRVE,B2B,Informational,720,stable,24,3.71,1 month,Tier 2 - High CPC
courtier energie,Courtage Énergie,Courtier,Commercial,720,stable,37,4.09,4 weeks,Tier 2 - High CPC
totalenergies pro,Courtage Énergie,Fournisseur,Navigational,720,stable,34,2.37,1 month,Tier 2 - Brand
borne de recharge copropriété,IRVE,Copropriété,Commercial,590,stable,29,1.27,1 month,Tier 2
borne recharge rapide,IRVE,Rapide,Commercial,590,stable,32,0.60,1 month,Tier 2
courtier énergie,Courtage Énergie,Courtier,Commercial,480,stable,30,4.09,3 weeks,Tier 2 - High CPC
délégataire cee,CEE & Aides,Délégataire,Informational,390,stable,11,1.54,2 weeks,Tier 2 - Quick win
power purchase agreement,Courtage Énergie,PPA,Informational,390,stable,25,0.86,1 month,Tier 2
fonds chaleur ademe,CEE & Aides,Fonds Chaleur,Navigational/Transactional,320,stable,42,0.74,1 month,Tier 2
fournisseur électricité professionnel,Courtage Énergie,Fournisseur,Commercial,320,stable,46,21.86,1 month,Tier 2 - Très High CPC
mandataire cee,CEE & Aides,Mandataire,Informational,320,stable,13,1.59,1 month,Tier 2 - Quick win
puissance souscrite,Courtage Énergie,Puissance,Informational,320,stable,20,0.80,2 weeks,Tier 2
fournisseur gaz professionnel,Courtage Énergie,Fournisseur,Commercial,260,stable,21,13.99,1 month,Tier 2 - Très High CPC
achat groupé énergie,Courtage Énergie,Achat groupé,Transactional,210,stable,35,3.04,1 month,Tier 2 - High CPC
installation borne recharge,IRVE,Installation,Informational,210,stable,30,1.87,1 month,Tier 2
installation irve,IRVE,Installation,Informational,210,stable,25,1.15,1 month,Tier 2
pdl électricité,Courtage Énergie,PDL,Informational,210,stable,16,2.91,1 month,Tier 2 - High CPC
courtage énergie,Courtage Énergie,Courtage,Commercial,170,stable,32,0.00,1 month,Tier 3
borne recharge 22kw,IRVE,22kw,Navigational,110,stable,30,0.93,1 month,Tier 3
borne recharge entreprise,IRVE,B2B,Informational,110,stable,31,3.74,2 weeks,Tier 3 - High CPC
borne de recharge parking,IRVE,Parking,Commercial,70,stable,n/a,1.35,1 month,Tier 3
borne recharge dc,IRVE,DC,Informational,50,stable,14,1.46,1 month,Tier 3
contrat gaz entreprise,Courtage Énergie,Contrat,n/a,50,n/a,n/a,20.48,n/a,Tier 3 - Très High CPC
contrat électricité entreprise,Courtage Énergie,Contrat,n/a,50,n/a,n/a,17.06,n/a,Tier 3 - Très High CPC
courtier électricité professionnel,Courtage Énergie,Courtier,Commercial,50,stable,43,19.18,1 month,Tier 3 - Très High CPC
prix gaz professionnel,Courtage Énergie,Prix,Transactional,50,stable,23,4.78,1 month,Tier 3 - High CPC
prix électricité professionnel,Courtage Énergie,Prix,Transactional,50,stable,26,7.74,1 month,Tier 3 - High CPC
tarif électricité entreprise,Courtage Énergie,Prix,n/a,50,n/a,n/a,6.90,n/a,Tier 3 - High CPC
énergie verte entreprise,Courtage Énergie,Énergie verte,Commercial,50,stable,47,6.27,2 weeks,Tier 3 - High CPC
contrat énergie professionnel,Courtage Énergie,Contrat,n/a,40,n/a,n/a,10.84,n/a,Tier 4 - Très High CPC
garantie origine,Courtage Énergie,Énergie verte,n/a,40,n/a,n/a,0.67,n/a,Tier 4
tarif gaz entreprise,Courtage Énergie,Prix,n/a,40,n/a,n/a,7.29,n/a,Tier 4 - High CPC
borne de recharge camping,IRVE,Camping,n/a,30,n/a,n/a,0.00,n/a,Tier 4
courtage gaz,Courtage Énergie,Gaz,n/a,30,n/a,n/a,4.54,n/a,Tier 4 - High CPC
fonds chaleur 2025,CEE & Aides,Fonds Chaleur,n/a,30,n/a,n/a,0.00,n/a,Tier 4
aide ademe entreprise,CEE & Aides,ADEME,n/a,20,n/a,n/a,1.01,n/a,Tier 4
borne recharge copropriete,IRVE,Copropriété,n/a,20,n/a,n/a,1.22,n/a,Tier 4
courtage électricité,Courtage Énergie,Courtage,n/a,20,n/a,n/a,5.20,n/a,Tier 4 - High CPC
ppa entreprise,Courtage Énergie,PPA,n/a,20,n/a,n/a,0.00,n/a,Tier 4
décret tertiaire,Réglementation,Décret Tertiaire,Informational,5400,stable,55,0.67,2 weeks,Tier 1 - Pilier
iso 50001,Réglementation,ISO 50001,Commercial,3600,stable,43,0.74,2 weeks,Tier 1 - Pilier
performance énergétique,Performance Énergétique,Générique,Informational,2900,stable,44,1.20,2 weeks,Tier 1 - Pilier
advenir,IRVE,ADVENIR,Navigational,2400,stable,44,0.41,2 weeks,Tier 1 - Brand
efficacité énergétique,Performance Énergétique,Générique,Informational,2400,stable,44,1.27,2 weeks,Tier 1 - Pilier
beges,Réglementation,BEGES,Informational,1900,stable,27,1.77,1 month,Tier 1 - Quick win
bilan carbone entreprise,Réglementation,Bilan Carbone,Commercial,1300,stable,42,5.19,1 month,Tier 1 - High CPC
taxonomie verte,Réglementation,Taxonomie,Informational,880,stable,32,1.50,1 month,Tier 2
prime advenir,IRVE,ADVENIR,Navigational,720,stable,34,0.44,1 month,Tier 2 - Brand
installateur irve,IRVE,Installateur,Commercial,590,stable,27,1.45,1 month,Tier 2 - Conversion
norme iso 50001,Réglementation,ISO 50001,Informational,480,stable,31,0.72,1 month,Tier 2
plateforme operat,Réglementation,OPERAT,Navigational,480,stable,29,0.95,1 month,Tier 2 - Quick win
diagnostic énergétique gratuit,Audit Énergétique,Diagnostic,Informational,390,stable,29,0.81,1 month,Tier 2 - Conversion
décarbonation industrie,Décarbonation,Industrie,Informational,390,stable,20,1.24,1 month,Tier 2 - Quick win
décret bacs gtb,GTB/GTC,Décret BACS,Informational,320,stable,22,0.97,1 month,Tier 2 - Quick win
qualification irve,IRVE,Qualification,Commercial,320,stable,29,0.61,3 weeks,Tier 2
transition énergétique entreprise,Performance Énergétique,Transition,Informational,320,stable,34,1.36,1 month,Tier 2
décret tertiaire objectifs,Réglementation,Décret Tertiaire,Informational,210,stable,26,0.60,1 month,Tier 2 - Quick win
efficacité énergétique entreprise,Performance Énergétique,B2B,Informational,140,stable,26,2.52,1 month,Tier 3 - High CPC
performance énergétique bâtiment,Performance Énergétique,Bâtiment,Informational,140,stable,32,0.85,1 month,Tier 3
réduction consommation énergie,Performance Énergétique,Réduction,Informational,140,stable,37,1.37,1 month,Tier 3
sobriété énergétique entreprise,Performance Énergétique,Sobriété,Informational,140,stable,29,0.00,3 weeks,Tier 3
bilan ges entreprise,Réglementation,BEGES,Commercial,110,stable,28,3.93,3 weeks,Tier 3 - High CPC
décret tertiaire 2025,Réglementation,Décret Tertiaire,Informational,90,stable,32,0.75,1 month,Tier 3
borne recharge solaire,IRVE,Solaire,Commercial,70,stable,18,0.90,1 month,Tier 3 - Quick win
économie énergie entreprise,Performance Énergétique,Économie,Informational,70,stable,n/a,2.16,1 month,Tier 3 - High CPC
décarbonation bâtiment,Décarbonation,Bâtiment,Informational,50,stable,24,0.94,2 weeks,Tier 3
obligation décret tertiaire,Réglementation,Décret Tertiaire,Informational/Commercial,50,stable,28,0.60,1 month,Tier 3
système management énergie,Réglementation,ISO 50001,n/a,50,n/a,n/a,0.00,n/a,Tier 3
décret tertiaire copropriété,Réglementation,Décret Tertiaire,n/a,40,n/a,n/a,0.91,n/a,Tier 4
échéance décret tertiaire,Réglementation,Décret Tertiaire,n/a,40,n/a,n/a,0.00,n/a,Tier 4
décret tertiaire sanctions,Réglementation,Décret Tertiaire,n/a,30,n/a,n/a,0.00,n/a,Tier 4
expert cee,CEE & Aides,Expert,n/a,30,n/a,n/a,1.27,n/a,Tier 4 - Conversion
énergie renouvelable entreprise,Performance Énergétique,ENR,n/a,30,n/a,n/a,1.94,n/a,Tier 4
amélioration performance énergétique,Performance Énergétique,Amélioration,n/a,20,n/a,n/a,1.22,n/a,Tier 4
bureau études énergie,Performance Énergétique,Bureau études,n/a,20,n/a,n/a,1.42,n/a,Tier 4 - Conversion
cout installation borne recharge,IRVE,Prix,n/a,20,n/a,n/a,0.66,n/a,Tier 4
performance énergétique industrielle,Performance Énergétique,Industrielle,n/a,20,n/a,n/a,2.41,n/a,Tier 4 - High CPC
plan performance énergétique,Performance Énergétique,Plan,n/a,20,n/a,n/a,0.00,n/a,Tier 4
subvention borne recharge,IRVE,Aides,n/a,20,n/a,n/a,0.00,n/a,Tier 4
subvention efficacité énergétique,Performance Énergétique,Aides,n/a,20,n/a,n/a,0.00,n/a,Tier 4
accompagnement cee,CEE & Aides,Accompagnement,n/a,10,n/a,n/a,0.00,n/a,Tier 5
expert performance énergétique,Performance Énergétique,Expert,n/a,10,n/a,n/a,0.00,n/a,Tier 5 - Conversion
comment réduire consommation énergie,Performance Énergétique,Réduction,n/a,0,n/a,n/a,0.00,n/a,Tier 5 - Long tail
financement borne recharge,IRVE,Aides,n/a,0,n/a,n/a,0.00,n/a,Tier 5 - Long tail
financement travaux énergie,Performance Énergétique,Aides,n/a,0,n/a,n/a,0.00,n/a,Tier 5 - Long tail
obligation décret bacs,GTB/GTC,Décret BACS,n/a,0,n/a,n/a,0.00,n/a,Tier 5 - Long tail
économie énergie tertiaire,Performance Énergétique,Tertiaire,n/a,0,n/a,n/a,0.00,n/a,Tier 5 - Long tail
